{
  "id": "3519089",
  "name": "shoot-bug",
  "font_family": "iconfont",
  "css_prefix_text": "icon-",
  "description": "",
  "glyphs": [
    {
      "icon_id": "4933869",
      "name": "点",
      "font_class": "dian",
      "unicode": "ec1e",
      "unicode_decimal": 60446
    },
    {
      "icon_id": "4611765",
      "name": "对勾",
      "font_class": "duigou",
      "unicode": "ebe6",
      "unicode_decimal": 60390
    },
    {
      "icon_id": "4933158",
      "name": "错",
      "font_class": "cuo",
      "unicode": "e6c9",
      "unicode_decimal": 59081
    },
    {
      "icon_id": "162780",
      "name": "加",
      "font_class": "jia",
      "unicode": "e600",
      "unicode_decimal": 58880
    }
  ]
}
